{
    "without_leaky": {
        "validation": {
            "xgboost": {
                "accuracy": 0.6927835051546392,
                "precision": 0.7023809523809523,
                "recall": 0.8280701754385965,
                "f1": 0.7600644122383253,
                "roc_auc": 0.729078947368421,
                "confusion_matrix": [
                    [
                        100,
                        100
                    ],
                    [
                        49,
                        236
                    ]
                ]
            },
            "catboost": {
                "accuracy": 0.6989690721649484,
                "precision": 0.7062314540059347,
                "recall": 0.8350877192982457,
                "f1": 0.7652733118971061,
                "roc_auc": 0.7187456140350876,
                "confusion_matrix": [
                    [
                        101,
                        99
                    ],
                    [
                        47,
                        238
                    ]
                ]
            },
            "ensemble": {
                "accuracy": 0.6865979381443299,
                "precision": 0.7009063444108762,
                "recall": 0.8140350877192982,
                "f1": 0.7532467532467533,
                "roc_auc": 0.7363771929824562,
                "confusion_matrix": [
                    [
                        101,
                        99
                    ],
                    [
                        53,
                        232
                    ]
                ]
            }
        },
        "test": null
    },
    "with_leaky": {
        "validation": {
            "xgboost": {
                "accuracy": 0.8247422680412371,
                "precision": 0.8703703703703703,
                "recall": 0.8245614035087719,
                "f1": 0.8468468468468469,
                "roc_auc": 0.8967894736842106,
                "confusion_matrix": [
                    [
                        165,
                        35
                    ],
                    [
                        50,
                        235
                    ]
                ]
            },
            "catboost": {
                "accuracy": 0.8288659793814434,
                "precision": 0.8713235294117647,
                "recall": 0.8315789473684211,
                "f1": 0.8509874326750448,
                "roc_auc": 0.8816140350877193,
                "confusion_matrix": [
                    [
                        165,
                        35
                    ],
                    [
                        48,
                        237
                    ]
                ]
            },
            "ensemble": {
                "accuracy": 0.8185567010309278,
                "precision": 0.8581818181818182,
                "recall": 0.8280701754385965,
                "f1": 0.8428571428571429,
                "roc_auc": 0.8905964912280702,
                "confusion_matrix": [
                    [
                        161,
                        39
                    ],
                    [
                        49,
                        236
                    ]
                ]
            }
        },
        "test": null
    }
}