{
    "without_leaky": {
        "validation": {
            "xgboost": {
                "accuracy": 0.6948453608247422,
                "precision": 0.7069486404833837,
                "recall": 0.8210526315789474,
                "f1": 0.7597402597402597,
                "roc_auc": 0.7478508771929826,
                "confusion_matrix": [
                    [
                        103,
                        97
                    ],
                    [
                        51,
                        234
                    ]
                ]
            },
            "catboost": {
                "accuracy": 0.7010309278350515,
                "precision": 0.7095808383233533,
                "recall": 0.8315789473684211,
                "f1": 0.7657512116316639,
                "roc_auc": 0.7398947368421053,
                "confusion_matrix": [
                    [
                        103,
                        97
                    ],
                    [
                        48,
                        237
                    ]
                ]
            },
            "ensemble": {
                "accuracy": 0.6927835051546392,
                "precision": 0.7085889570552147,
                "recall": 0.8105263157894737,
                "f1": 0.7561374795417348,
                "roc_auc": 0.7515350877192983,
                "confusion_matrix": [
                    [
                        105,
                        95
                    ],
                    [
                        54,
                        231
                    ]
                ]
            }
        },
        "test": null
    },
    "with_leaky": {
        "validation": {
            "xgboost": {
                "accuracy": 0.8247422680412371,
                "precision": 0.8731343283582089,
                "recall": 0.8210526315789474,
                "f1": 0.8462929475587704,
                "roc_auc": 0.893578947368421,
                "confusion_matrix": [
                    [
                        166,
                        34
                    ],
                    [
                        51,
                        234
                    ]
                ]
            },
            "catboost": {
                "accuracy": 0.8309278350515464,
                "precision": 0.8637992831541219,
                "recall": 0.8456140350877193,
                "f1": 0.8546099290780141,
                "roc_auc": 0.8829298245614033,
                "confusion_matrix": [
                    [
                        162,
                        38
                    ],
                    [
                        44,
                        241
                    ]
                ]
            },
            "ensemble": {
                "accuracy": 0.822680412371134,
                "precision": 0.8592057761732852,
                "recall": 0.8350877192982457,
                "f1": 0.8469750889679716,
                "roc_auc": 0.8897192982456141,
                "confusion_matrix": [
                    [
                        161,
                        39
                    ],
                    [
                        47,
                        238
                    ]
                ]
            }
        },
        "test": null
    }
}