{
    "experiment_info": {
        "name": "without_leaky_column",
        "include_leaky_column": false,
        "use_regularization": true,
        "timestamp": "2025-07-22T22:51:34.297066"
    },
    "model_results": {
        "XGBoost": {
            "validation": {
                "accuracy": 0.6494845360824743,
                "precision": 0.6610644257703081,
                "recall": 0.8280701754385965,
                "f1": 0.735202492211838,
                "confusion_matrix": [
                    [
                        79,
                        121
                    ],
                    [
                        49,
                        236
                    ]
                ],
                "roc_auc": 0.6973245614035087,
                "cv_scores": [
                    0.7549407114624506,
                    0.7662082514734774,
                    0.7435387673956262,
                    0.764,
                    0.7793240556660039
                ],
                "cv_mean": 0.7616023571995116,
                "cv_std": 0.011930568721801135
            }
        },
        "CatBoost": {
            "validation": {
                "accuracy": 0.6515463917525773,
                "precision": 0.6676300578034682,
                "recall": 0.8105263157894737,
                "f1": 0.7321711568938193,
                "confusion_matrix": [
                    [
                        85,
                        115
                    ],
                    [
                        54,
                        231
                    ]
                ],
                "roc_auc": 0.6977543859649122,
                "cv_scores": [
                    0.7524752475247525,
                    0.772,
                    0.7364185110663984,
                    0.7670682730923695,
                    0.7695390781563126
                ],
                "cv_mean": 0.7595002219679665,
                "cv_std": 0.013389653664776815
            }
        }
    },
    "best_model": "XGBoost"
}