{
    "experiment_info": {
        "name": "with_leaky_no_reg",
        "include_leaky_column": true,
        "use_regularization": false,
        "timestamp": "2025-07-22T22:38:02.878407"
    },
    "model_results": {
        "LogisticRegression": {
            "validation": {
                "accuracy": 0.7896907216494845,
                "precision": 0.8351648351648352,
                "recall": 0.8,
                "f1": 0.8172043010752689,
                "confusion_matrix": [
                    [
                        155,
                        45
                    ],
                    [
                        57,
                        228
                    ]
                ],
                "roc_auc": 0.8698771929824562,
                "cv_scores": [
                    0.7913043478260869,
                    0.8126410835214447,
                    0.8183908045977012,
                    0.8222222222222222,
                    0.7928730512249443
                ],
                "cv_mean": 0.8074863018784798,
                "cv_std": 0.012946273852611677
            }
        },
        "RandomForest": {
            "validation": {
                "accuracy": 0.8144329896907216,
                "precision": 0.8571428571428571,
                "recall": 0.8210526315789474,
                "f1": 0.8387096774193549,
                "confusion_matrix": [
                    [
                        161,
                        39
                    ],
                    [
                        51,
                        234
                    ]
                ],
                "roc_auc": 0.8811052631578948,
                "cv_scores": [
                    0.8336933045356372,
                    0.8109339407744874,
                    0.854586129753915,
                    0.8266666666666667,
                    0.8198198198198198
                ],
                "cv_mean": 0.8291399723101052,
                "cv_std": 0.01478297554983551
            }
        },
        "GradientBoosting": {
            "validation": {
                "accuracy": 0.8082474226804124,
                "precision": 0.8453237410071942,
                "recall": 0.8245614035087719,
                "f1": 0.8348134991119005,
                "confusion_matrix": [
                    [
                        157,
                        43
                    ],
                    [
                        50,
                        235
                    ]
                ],
                "roc_auc": 0.8894298245614036,
                "cv_scores": [
                    0.8268398268398268,
                    0.8137931034482758,
                    0.8411633109619687,
                    0.8314606741573034,
                    0.8288288288288288
                ],
                "cv_mean": 0.8284171488472406,
                "cv_std": 0.008811899045282108
            }
        },
        "SVM": {
            "validation": {
                "accuracy": 0.797938144329897,
                "precision": 0.8475836431226765,
                "recall": 0.8,
                "f1": 0.8231046931407943,
                "confusion_matrix": [
                    [
                        159,
                        41
                    ],
                    [
                        57,
                        228
                    ]
                ],
                "roc_auc": 0.8739649122807018,
                "cv_scores": [
                    0.8395604395604396,
                    0.8,
                    0.8251121076233184,
                    0.8227272727272728,
                    0.8154897494305239
                ],
                "cv_mean": 0.8205779138683109,
                "cv_std": 0.012921725075874763
            }
        },
        "MLP": {
            "validation": {
                "accuracy": 0.7938144329896907,
                "precision": 0.8413284132841329,
                "recall": 0.8,
                "f1": 0.8201438848920863,
                "confusion_matrix": [
                    [
                        157,
                        43
                    ],
                    [
                        57,
                        228
                    ]
                ],
                "roc_auc": 0.873263157894737,
                "cv_scores": [
                    0.8034934497816594,
                    0.7790432801822323,
                    0.8072562358276644,
                    0.8141592920353983,
                    0.8258928571428571
                ],
                "cv_mean": 0.8059690229939622,
                "cv_std": 0.01547139734953451
            }
        },
        "DecisionTree": {
            "validation": {
                "accuracy": 0.7938144329896907,
                "precision": 0.8339350180505415,
                "recall": 0.8105263157894737,
                "f1": 0.8220640569395018,
                "confusion_matrix": [
                    [
                        154,
                        46
                    ],
                    [
                        54,
                        231
                    ]
                ],
                "roc_auc": 0.865982456140351,
                "cv_scores": [
                    0.8177966101694916,
                    0.8047619047619048,
                    0.8230088495575221,
                    0.8070175438596491,
                    0.8211009174311926
                ],
                "cv_mean": 0.8147371651559521,
                "cv_std": 0.007448176723709776
            }
        },
        "NaiveBayes": {
            "validation": {
                "accuracy": 0.7505154639175258,
                "precision": 0.7827586206896552,
                "recall": 0.7964912280701755,
                "f1": 0.7895652173913044,
                "confusion_matrix": [
                    [
                        137,
                        63
                    ],
                    [
                        58,
                        227
                    ]
                ],
                "roc_auc": 0.8405438596491227,
                "cv_scores": [
                    0.7639484978540773,
                    0.7902869757174393,
                    0.7784946236559139,
                    0.8052516411378556,
                    0.7648351648351648
                ],
                "cv_mean": 0.7805633806400902,
                "cv_std": 0.01569566414964723
            }
        },
        "KNN": {
            "validation": {
                "accuracy": 0.7690721649484537,
                "precision": 0.8264150943396227,
                "recall": 0.7684210526315789,
                "f1": 0.7963636363636364,
                "confusion_matrix": [
                    [
                        154,
                        46
                    ],
                    [
                        66,
                        219
                    ]
                ],
                "roc_auc": 0.8512017543859649,
                "cv_scores": [
                    0.8008849557522124,
                    0.7746478873239436,
                    0.8064516129032258,
                    0.8159645232815964,
                    0.7954022988505747
                ],
                "cv_mean": 0.7986702556223105,
                "cv_std": 0.013800723399836536
            }
        }
    },
    "best_model": "RandomForest"
}