{
    "experiment_info": {
        "name": "without_leaky_no_reg",
        "include_leaky_column": false,
        "use_regularization": false,
        "timestamp": "2025-07-22T22:36:56.733684"
    },
    "model_results": {
        "LogisticRegression": {
            "validation": {
                "accuracy": 0.6577319587628866,
                "precision": 0.6657381615598886,
                "recall": 0.8385964912280702,
                "f1": 0.7422360248447205,
                "confusion_matrix": [
                    [
                        80,
                        120
                    ],
                    [
                        46,
                        239
                    ]
                ],
                "roc_auc": 0.6846228070175437,
                "cv_scores": [
                    0.75049115913556,
                    0.7652859960552268,
                    0.7353535353535353,
                    0.7808764940239044,
                    0.7671232876712328
                ],
                "cv_mean": 0.7598260944478918,
                "cv_std": 0.015570652155401415
            }
        },
        "RandomForest": {
            "validation": {
                "accuracy": 0.6474226804123712,
                "precision": 0.6686390532544378,
                "recall": 0.7929824561403509,
                "f1": 0.7255216693418941,
                "confusion_matrix": [
                    [
                        88,
                        112
                    ],
                    [
                        59,
                        226
                    ]
                ],
                "roc_auc": 0.6882894736842105,
                "cv_scores": [
                    0.7380952380952381,
                    0.7183673469387755,
                    0.7219917012448133,
                    0.7419354838709677,
                    0.7753479125248509
                ],
                "cv_mean": 0.7391475365349292,
                "cv_std": 0.020226152220924692
            }
        },
        "GradientBoosting": {
            "validation": {
                "accuracy": 0.6659793814432989,
                "precision": 0.6772334293948127,
                "recall": 0.8245614035087719,
                "f1": 0.7436708860759493,
                "confusion_matrix": [
                    [
                        88,
                        112
                    ],
                    [
                        50,
                        235
                    ]
                ],
                "roc_auc": 0.7215263157894738,
                "cv_scores": [
                    0.7580645161290323,
                    0.75,
                    0.726530612244898,
                    0.7745901639344263,
                    0.7775551102204409
                ],
                "cv_mean": 0.7573480805057595,
                "cv_std": 0.01849236279106455
            }
        },
        "SVM": {
            "validation": {
                "accuracy": 0.6371134020618556,
                "precision": 0.6656534954407295,
                "recall": 0.7684210526315789,
                "f1": 0.7133550488599348,
                "confusion_matrix": [
                    [
                        90,
                        110
                    ],
                    [
                        66,
                        219
                    ]
                ],
                "roc_auc": 0.6475350877192982,
                "cv_scores": [
                    0.7387755102040816,
                    0.7595959595959596,
                    0.7169042769857433,
                    0.7648261758691206,
                    0.7661290322580645
                ],
                "cv_mean": 0.7492461909825938,
                "cv_std": 0.01892362822448449
            }
        },
        "MLP": {
            "validation": {
                "accuracy": 0.6371134020618556,
                "precision": 0.6588921282798834,
                "recall": 0.7929824561403509,
                "f1": 0.7197452229299363,
                "confusion_matrix": [
                    [
                        83,
                        117
                    ],
                    [
                        59,
                        226
                    ]
                ],
                "roc_auc": 0.666061403508772,
                "cv_scores": [
                    0.7389558232931727,
                    0.7353535353535353,
                    0.7080745341614907,
                    0.7541666666666667,
                    0.7529880478087649
                ],
                "cv_mean": 0.737907721456726,
                "cv_std": 0.01666979898214575
            }
        },
        "DecisionTree": {
            "validation": {
                "accuracy": 0.6329896907216495,
                "precision": 0.6507042253521127,
                "recall": 0.8105263157894737,
                "f1": 0.721875,
                "confusion_matrix": [
                    [
                        76,
                        124
                    ],
                    [
                        54,
                        231
                    ]
                ],
                "roc_auc": 0.665921052631579,
                "cv_scores": [
                    0.7283950617283951,
                    0.734020618556701,
                    0.6652542372881356,
                    0.7524752475247525,
                    0.7793240556660039
                ],
                "cv_mean": 0.7318938441527976,
                "cv_std": 0.03776458918045242
            }
        },
        "NaiveBayes": {
            "validation": {
                "accuracy": 0.6371134020618556,
                "precision": 0.6666666666666666,
                "recall": 0.7649122807017544,
                "f1": 0.7124183006535948,
                "confusion_matrix": [
                    [
                        91,
                        109
                    ],
                    [
                        67,
                        218
                    ]
                ],
                "roc_auc": 0.6801842105263158,
                "cv_scores": [
                    0.7407407407407407,
                    0.75,
                    0.726890756302521,
                    0.7607361963190185,
                    0.7615230460921844
                ],
                "cv_mean": 0.7479781478908929,
                "cv_std": 0.01301828021811836
            }
        },
        "KNN": {
            "validation": {
                "accuracy": 0.6185567010309279,
                "precision": 0.6592356687898089,
                "recall": 0.7263157894736842,
                "f1": 0.6911519198664441,
                "confusion_matrix": [
                    [
                        93,
                        107
                    ],
                    [
                        78,
                        207
                    ]
                ],
                "roc_auc": 0.6384210526315789,
                "cv_scores": [
                    0.7302904564315352,
                    0.7134020618556701,
                    0.6811279826464208,
                    0.7338709677419355,
                    0.7366167023554604
                ],
                "cv_mean": 0.7190616342062045,
                "cv_std": 0.02061347086696289
            }
        }
    },
    "best_model": "GradientBoosting"
}