{
    "xgboost": {
        "n_estimators": 354,
        "max_depth": 3,
        "learning_rate": 0.06025533059673693,
        "subsample": 0.745980495993132,
        "colsample_bytree": 0.8548132432909736,
        "reg_alpha": 0.05584454571490204,
        "reg_lambda": 4.397972120012223e-06
    },
    "catboost": {
        "iterations": 293,
        "depth": 4,
        "learning_rate": 0.0644700154953265,
        "l2_leaf_reg": 4.125326233815886e-08,
        "bagging_temperature": 3.622613014352689,
        "random_strength": 0.5561642285631835,
        "border_count": 71
    }
}