{
    "xgboost": {
        "n_estimators": 282,
        "max_depth": 3,
        "learning_rate": 0.033948594843832225,
        "subsample": 0.9285198462788361,
        "colsample_bytree": 0.881034214162403,
        "reg_alpha": 1.416187571082429e-06,
        "reg_lambda": 0.0014701888342664503
    },
    "catboost": {
        "iterations": 378,
        "depth": 8,
        "learning_rate": 0.012217111051378071,
        "l2_leaf_reg": 0.030752961817163738,
        "bagging_temperature": 8.416519107781628,
        "random_strength": 0.9734767838690913,
        "border_count": 91
    }
}