{
    "experiment_info": {
        "name": "with_leaky_column",
        "include_leaky_column": true,
        "use_regularization": true,
        "timestamp": "2025-07-22T22:53:03.421330"
    },
    "model_results": {
        "XGBoost": {
            "validation": {
                "accuracy": 0.8144329896907216,
                "precision": 0.8445229681978799,
                "recall": 0.8385964912280702,
                "f1": 0.8415492957746479,
                "confusion_matrix": [
                    [
                        156,
                        44
                    ],
                    [
                        46,
                        239
                    ]
                ],
                "roc_auc": 0.885921052631579,
                "cv_scores": [
                    0.8336842105263158,
                    0.82560706401766,
                    0.8405172413793104,
                    0.838012958963283,
                    0.8315098468271335
                ],
                "cv_mean": 0.8338662643427405,
                "cv_std": 0.005200592445611547
            }
        },
        "CatBoost": {
            "validation": {
                "accuracy": 0.8123711340206186,
                "precision": 0.8566176470588235,
                "recall": 0.8175438596491228,
                "f1": 0.8366247755834829,
                "confusion_matrix": [
                    [
                        161,
                        39
                    ],
                    [
                        52,
                        233
                    ]
                ],
                "roc_auc": 0.8877543859649122,
                "cv_scores": [
                    0.8466522678185745,
                    0.8314087759815243,
                    0.856492027334852,
                    0.835214446952596,
                    0.8299319727891157
                ],
                "cv_mean": 0.8399398981753325,
                "cv_std": 0.010141966196168905
            }
        }
    },
    "best_model": "XGBoost"
}