{
    "without_leaky": {
        "RandomForest": {
            "train_f1": 0.8275862068965517,
            "val_f1": 0.7387096774193549,
            "cv_mean": 0.743579371926665,
            "cv_std": 0.02296182673131871,
            "best_params": {
                "n_estimators": 123,
                "max_depth": 9,
                "min_samples_split": 10,
                "min_samples_leaf": 5,
                "max_features": null,
                "bootstrap": true
            }
        },
        "MLP": {
            "train_f1": 0.7615262321144675,
            "val_f1": 0.7465007776049767,
            "cv_mean": 0.7602489648785731,
            "cv_std": 0.017812055336299423,
            "best_params": {
                "n_layers": 1,
                "n_units_l0": 90,
                "activation": "tanh",
                "solver": "adam",
                "alpha": 0.04523894084330655,
                "learning_rate": "adaptive"
            }
        }
    },
    "with_leaky": {
        "RandomForest": {
            "train_f1": 0.849005424954792,
            "val_f1": 0.848816029143898,
            "cv_mean": 0.8275360666184894,
            "cv_std": 0.014282640297150472,
            "best_params": {
                "n_estimators": 114,
                "max_depth": 6,
                "min_samples_split": 4,
                "min_samples_leaf": 4,
                "max_features": "sqrt",
                "bootstrap": true
            }
        },
        "MLP": {
            "train_f1": 0.8391982182628063,
            "val_f1": 0.8460176991150442,
            "cv_mean": 0.821416094262627,
            "cv_std": 0.012094532241782488,
            "best_params": {
                "n_layers": 3,
                "n_units_l0": 101,
                "n_units_l1": 86,
                "n_units_l2": 43,
                "activation": "tanh",
                "solver": "adam",
                "alpha": 5.122328119178894e-05,
                "learning_rate": "constant"
            }
        }
    },
    "optuna_trials": {
        "RandomForest_no_leak": 50,
        "RandomForest_with_leak": 50,
        "MLP_no_leak": 50,
        "MLP_with_leak": 50
    }
}