{
    "experiments": [
        {
            "name": "without_leaky_column",
            "include_leaky": false,
            "use_regularization": true
        },
        {
            "name": "with_leaky_column",
            "include_leaky": true,
            "use_regularization": true
        }
    ],
    "results": {
        "without_leaky_column": {
            "XGBoost": {
                "validation": {
                    "accuracy": 0.6494845360824743,
                    "precision": 0.6610644257703081,
                    "recall": 0.8280701754385965,
                    "f1": 0.735202492211838,
                    "confusion_matrix": [
                        [
                            79,
                            121
                        ],
                        [
                            49,
                            236
                        ]
                    ],
                    "roc_auc": 0.6973245614035087,
                    "cv_scores": [
                        0.7549407114624506,
                        0.7662082514734774,
                        0.7435387673956262,
                        0.764,
                        0.7793240556660039
                    ],
                    "cv_mean": 0.7616023571995116,
                    "cv_std": 0.011930568721801135
                }
            },
            "CatBoost": {
                "validation": {
                    "accuracy": 0.6515463917525773,
                    "precision": 0.6676300578034682,
                    "recall": 0.8105263157894737,
                    "f1": 0.7321711568938193,
                    "confusion_matrix": [
                        [
                            85,
                            115
                        ],
                        [
                            54,
                            231
                        ]
                    ],
                    "roc_auc": 0.6977543859649122,
                    "cv_scores": [
                        0.7524752475247525,
                        0.772,
                        0.7364185110663984,
                        0.7670682730923695,
                        0.7695390781563126
                    ],
                    "cv_mean": 0.7595002219679665,
                    "cv_std": 0.013389653664776815
                }
            }
        },
        "with_leaky_column": {
            "XGBoost": {
                "validation": {
                    "accuracy": 0.8144329896907216,
                    "precision": 0.8445229681978799,
                    "recall": 0.8385964912280702,
                    "f1": 0.8415492957746479,
                    "confusion_matrix": [
                        [
                            156,
                            44
                        ],
                        [
                            46,
                            239
                        ]
                    ],
                    "roc_auc": 0.885921052631579,
                    "cv_scores": [
                        0.8336842105263158,
                        0.82560706401766,
                        0.8405172413793104,
                        0.838012958963283,
                        0.8315098468271335
                    ],
                    "cv_mean": 0.8338662643427405,
                    "cv_std": 0.005200592445611547
                }
            },
            "CatBoost": {
                "validation": {
                    "accuracy": 0.8123711340206186,
                    "precision": 0.8566176470588235,
                    "recall": 0.8175438596491228,
                    "f1": 0.8366247755834829,
                    "confusion_matrix": [
                        [
                            161,
                            39
                        ],
                        [
                            52,
                            233
                        ]
                    ],
                    "roc_auc": 0.8877543859649122,
                    "cv_scores": [
                        0.8466522678185745,
                        0.8314087759815243,
                        0.856492027334852,
                        0.835214446952596,
                        0.8299319727891157
                    ],
                    "cv_mean": 0.8399398981753325,
                    "cv_std": 0.010141966196168905
                }
            }
        }
    },
    "timestamp": "2025-07-22T22:53:03.432072"
}