{
  "rf_accuracy": 0.9783616692426584,
  "rf_f1": 0.9783616692426584,
  "rf_auc": 0.9981563421828908,
  "mlp_accuracy": 0.9057187017001546,
  "mlp_f1": 0.905589274301145,
  "mlp_auc": 0.9673696509979695
}