,accuracy,f1_score,roc_auc
xgboost,0.9984544049459042,0.9984542865052473,1.0
catboost,0.9984544049459042,0.9984545159510576,0.9999664789487799
ensemble,0.9984544049459042,0.9984545159510576,0.9999999999999999
