,accuracy,f1_score,roc_auc
xgboost,0.9958762886597938,0.9958709789306893,0.9999815204937724
catboost,0.9958762886597938,0.9958709789306893,0.9999630409875448
ensemble,0.9958762886597938,0.9958709789306893,0.9999815204937723
